,odorant
1,1-butanol
2,1-decanol
3,1-heptanol
4,1-heptanol
5,1-heptanol
6,1-nonanol
7,1-octanol
8,1-octanol
9,2-3-5-6-tetramethylpyrazine
10,2-3-5-trimethylpyrazine
11,2-3-dimethylpyrazine
12,2-5-dimethylpyrazine
13,2-6-dimethyl-5-heptenal
14,2-6-dimethylpyrazine
15,2-5-dimethyl-4-hydroxy-3-(2H)furanone
16,2-acetylpyridine
17,2-ethylfuran
18,2-heptanol
19,2-heptanol
20,ketobutyric acid
21,2-methyl-3-buten-2-ol
22,2-nonanone
23,2-nonanone
24,2-nonanone
25,2-pentanone
26,2-tridecanone
27,2-undecanone
28,3-(5-methyl-2-furyl)butanal
29,3-7-dimethyloctan-1-ol
30,3-heptanol
31,3-hexanone
32,3-methyl-2-buten-1-ol
33,3-methyl-2-butenal
34,4-heptanone
35,4-hydroxybenzaldehyde
36,4-pentenoic acid
37,fenchone
38,a-angelica lactone
39,alpha-ionone
40,alpha-phellandrene
41,alpha-phellandrene
42,abhexone
43,acetone
44,acetone
45,amyl acetate
46,benzyl alcohol
47,beta-caryophyllene
48,butyl propionate
49,butyric acid
50,butyric acid
51,caproic acid
52,celeriax
53,cinnamyl alcohol
54,cis-jasmone
55,creosol
56,cyclamen aldehyde
57,decanal
58,decanal
59,delta-dodecanolactone
60,diallyl sulfide
61,diethylacetal
62,diethyl malonate
63,diethyl succinate
64,diphenyl ether
65,dipropyl disulfide
66,dodecanal
67,ethyl chrysanthemumate
68,ethyl acetate
69,ethyl acetate
70,ethyl butyrate
71,ethyl butyrate
72,ethyl caproate
73,ethyl caproate
74,ethyl caprylate
75,ethyl heptanoate
76,ethyl heptanoate
77,ethyl propionate
78,ethyl propionate
79,ethyl tetradecanoate
80,ethyl valerate
81,ethyl valerate
82,eucalyptol
83,eucalyptol
84,formic acid
85,geraniol
86,geraniol
87,guaiacol
88,hexanal
89,hexyl acetate
90,isoamyl acetate
91,isoamyl butyrate
92,isoamyl tiglate
93,isobutanol
94,isobutyl angelate
95,isobutyric acid
96,isoeugenol
97,lauryl acetate
98,levulinic acid
99,linalool
100,maltol
101,methyl anthranilate
102,methyl phenylacetate
103,methyl salicylate
104,methyl cinnamate
105,methyl nicotinate
106,menthone
107,menthone
108,menthyl isovalerate
109,menthyl isovalerate
110,methyl salicylate
111,methyl salicylate
112,methyl salicylate
113,4-methyl-3-penten-2-one
114,methyl 2-octynoate
115,methyl trans-2-octenoate
116,methyl acetate
117,methyl benzoate
118,methyl caproate
119,methyl cyclohexanecarboxylate
120,methyl heptanoate
121,methyl isocaproate
122,methyl octanoate
123,methyl valerate
124,methyl valerate
125,methyl valerate
126,1-butanol
127,nerolidol
128,neryl acetate
129,nonanal
130,o-anisaldehyde
131,p-anisaldehyde
132,p-tolyl phenylacetate
133,pentanal
134,pentanal
135,pentanal
136,pentanal
137,phenethyl anthranilate
138,phenethyl 2-furoate
139,phenethyl hexanoate
140,phytol
141,pinacol
142,1-propanol
143,1-propanol
144,1-propanol
145,propyl acetate
146,propyl butyrate
147,propyl propionate
148,trans-trans-2-4-hexadien-1-ol
149,ethyl 3-methyl-3-phenylglycidate
150,thymol
151,tiglic aldehyde
152,trans-2-cis-6-nonadienal
153,trans-2-hexen-1-ol
154,trans-3-hexen-1-ol
155,trans-trans-2-6-nonadienal
156,valeric acid
157,valeric acid
158,valeric acid
159,valeric acid
160,valeric acid
161,valeric acid
162,valeric acid
163,valeric acid
164,1-pentanol
165,1-pentanol
166,1-undecanol
167,2-3-butanedione
168,2-3-hexanedione
169,2-4-dimethylbenzaldehyde
170,2-butanone
171,2-butanone
172,3-4-hexanedione
173,3-hexanone
174,acetoin
175,acetone
176,alpha-ionone
177,alpha-ionone
178,alpha-ionone
179,alpha-ionone
180,alpha-ionone
181,benzaldehyde
182,butanal
183,caproic acid
184,carvone
185,carvone
186,ethyl butyrate
187,ethyl propionate
188,eucalyptol
189,fenchone
190,lauric acid
191,menthone
192,menthone
193,methyl anthranilate
194,methyl benzoate
195,methyl benzoate
196,methyl salicylate
197,methyl salicylate
198,methyl salicylate
199,methyl valerate
200,myristic acid
201,pentanal
202,propanal
203,quinoline
204,trans-trans-2-4-decadienal
205,undecylenic acid
206,valeric acid
207,valeric acid
208,valeric acid
209,benzyl acetate
210,methyl benzoate
211,methyl phenylacetate
